chipset,core_clock,boost_clock,memory_clock,memory,memory_ver,bus_width,shaders,TMUs,ROPs,PCIe,TDP,rec_psu,detail_URL
GeForce RTX 3060,1320,1777,1875,8.0,6,128,3584,112,48,PCIe 4.0 x16,170,450 W,https://www.techpowerup.com/gpu-specs/geforce-rtx-3060-8-gb.c3937
GeForce RTX 4070 Ti,2310,2640,1313,12.0,6,192,7680,240,80,PCIe 4.0 x16,285,600 W,https://www.techpowerup.com/gpu-specs/geforce-rtx-4070-ti.c3950
GeForce RTX 4070,1920,2490,1313,12.0,6,192,5888,184,64,PCIe 4.0 x16,200,550 W,https://www.techpowerup.com/gpu-specs/geforce-rtx-4070.c3924
GeForce RTX 4090,2235,2640,1313,24.0,6,384,16384,512,176,PCIe 4.0 x16,450,850 W,https://www.techpowerup.com/gpu-specs/geforce-rtx-4090.c3889
Radeon RX 6600,1626,1626,1750,8.0,6,128,1792,112,64,PCIe 4.0 x8,132,300 W,https://www.techpowerup.com/gpu-specs/radeon-rx-6600.c3696
Radeon RX 6800 XT,1825,2250,2000,16.0,6,256,4608,288,128,PCIe 4.0 x16,300,700 W,https://www.techpowerup.com/gpu-specs/radeon-rx-6800-xt.c3694
Radeon RX 6950 XT,1860,2368,2250,16.0,6,256,5120,320,128,PCIe 4.0 x16,335,700 W,https://www.techpowerup.com/gpu-specs/radeon-rx-6950-xt.c3875
Radeon RX 6700 XT,2321,2321,2000,12.0,6,192,2560,160,64,PCIe 4.0 x16,230,550 W,https://www.techpowerup.com/gpu-specs/radeon-rx-6700-xt.c3695
Radeon RX 7900 XTX,1929,2615,2500,24.0,6,384,6144,384,192,PCIe 4.0 x16,355,750 W,https://www.techpowerup.com/gpu-specs/radeon-rx-7900-xtx.c3941
GeForce RTX 3060 Ti,1410,1710,1750,8.0,6,256,4864,152,80,PCIe 4.0 x16,200,550 W,https://www.techpowerup.com/gpu-specs/geforce-rtx-3060-ti.c3681
GeForce RTX 4060 Ti,2310,2310,2250,8.0,6,128,4352,136,48,PCIe 4.0 x8,160,450 W,https://www.techpowerup.com/gpu-specs/geforce-rtx-4060-ti-8-gb.c3890
Radeon RX 6600 XT,1968,2602,2000,8.0,6,128,2048,128,64,PCIe 4.0 x8,160,450 W,https://www.techpowerup.com/gpu-specs/radeon-rx-6600-xt.c3774
GeForce RTX 4080,2205,2535,1400,16.0,6,256,9728,304,112,PCIe 4.0 x16,320,700 W,https://www.techpowerup.com/gpu-specs/geforce-rtx-4080.c3888
Radeon RX 580,1257,1386,2000,8.0,5,256,2304,144,32,PCIe 3.0 x16,185,450 W,https://www.techpowerup.com/gpu-specs/radeon-rx-580.c2938
Radeon RX 7900 XT,1387,2560,2500,20.0,6,320,5376,336,192,PCIe 4.0 x16,300,700 W,https://www.techpowerup.com/gpu-specs/radeon-rx-7900-xt.c3912
Radeon RX 6750 XT,2150,2618,2250,12.0,6,192,2560,160,64,PCIe 4.0 x16,250,600 W,https://www.techpowerup.com/gpu-specs/radeon-rx-6750-xt.c3879
GeForce RTX 3070 Ti,1575,1830,1188,8.0,6,256,6144,192,96,PCIe 4.0 x16,290,600 W,https://www.techpowerup.com/gpu-specs/geforce-rtx-3070-ti.c3675
Radeon RX 6700,1941,2425,2000,10.0,6,160,2304,144,64,PCIe 4.0 x16,175,450 W,https://www.techpowerup.com/gpu-specs/radeon-rx-6700.c3716
GeForce RTX 3050,1552,1550,1750,8.0,6,128,2560,80,32,PCIe 4.0 x8,90,250 W,https://www.techpowerup.com/gpu-specs/geforce-rtx-3050-8-gb.c3858
GeForce GTX 1660 SUPER,1530,1815,1750,6.0,6,192,1408,88,48,PCIe 3.0 x16,125,300 W,https://www.techpowerup.com/gpu-specs/geforce-gtx-1660-super.c3458
Radeon RX 6800,1700,1700,2000,16.0,6,256,3840,240,96,PCIe 4.0 x16,250,600 W,https://www.techpowerup.com/gpu-specs/radeon-rx-6800.c3713
GeForce RTX 3070,1500,1815,1750,8.0,6,256,5888,184,96,PCIe 4.0 x16,220,550 W,https://www.techpowerup.com/gpu-specs/geforce-rtx-3070.c3674
Radeon RX 6650 XT,2055,2669,2190,8.0,6,128,2048,128,64,PCIe 4.0 x8,176,450 W,https://www.techpowerup.com/gpu-specs/radeon-rx-6650-xt.c3898
RTX A6000,1410,1860,2000,48.0,6,384,10752,336,112,PCIe 4.0 x16,300,700 W,https://www.techpowerup.com/gpu-specs/rtx-a6000.c3686
Arc A750,2050,2050,2000,8.0,6,256,3584,224,112,PCIe 4.0 x16,225,550 W,https://www.techpowerup.com/gpu-specs/arc-a750.c3929
Radeon RX 7600,1720,2695,2250,8.0,6,128,2048,128,64,PCIe 4.0 x8,165,450 W,https://www.techpowerup.com/gpu-specs/radeon-rx-7600.c4153
Arc A770,2100,2100,2000,16.0,6,256,4096,256,128,PCIe 4.0 x16,225,550 W,https://www.techpowerup.com/gpu-specs/arc-a770.c3914
Radeon R7 240,730,780,900,2.0,3,128,320,20,8,PCIe 3.0 x8,30,200 W,https://www.techpowerup.com/gpu-specs/radeon-r7-240.c2463
GeForce RTX 3080,1440,1740,1188,10.0,6,320,8704,272,96,PCIe 4.0 x16,320,700 W,https://www.techpowerup.com/gpu-specs/geforce-rtx-3080.c3621
GeForce RTX 3090,1395,1800,1219,24.0,6,384,10496,328,112,PCIe 4.0 x16,350,750 W,https://www.techpowerup.com/gpu-specs/geforce-rtx-3090.c3622
GeForce GTX 1060,1506,1708,2002,3.0,5,192,1152,72,48,PCIe 3.0 x16,120,300 W,https://www.techpowerup.com/gpu-specs/geforce-gtx-1060-3-gb.c2867
GeForce GTX 1650 G6,1410,1620,1500,4.0,6,128,896,56,32,PCIe 3.0 x16,75,250 W,https://www.techpowerup.com/gpu-specs/geforce-gtx-1650-gddr6.c3541
Radeon RX 6900 XT,1825,2365,2000,16.0,6,256,5120,320,128,PCIe 4.0 x16,300,700 W,https://www.techpowerup.com/gpu-specs/radeon-rx-6900-xt.c3481
Radeon RX 6500 XT,2310,2825,2248,4.0,6,64,1024,64,32,PCIe 4.0 x4,107,300 W,https://www.techpowerup.com/gpu-specs/radeon-rx-6500-xt.c3850
GeForce RTX 3080 Ti,1365,1800,1188,12.0,6,384,10240,320,112,PCIe 4.0 x16,350,750 W,https://www.techpowerup.com/gpu-specs/geforce-rtx-3080-ti.c3735
Arc A380,2000,2250,1937,6.0,6,96,1024,64,32,PCIe 4.0 x8,75,250 W,https://www.techpowerup.com/gpu-specs/arc-a380.c3913
GeForce RTX 3090 Ti,1560,1860,1313,24.0,6,384,10752,336,112,PCIe 4.0 x16,450,850 W,https://www.techpowerup.com/gpu-specs/geforce-rtx-3090-ti.c3829
Quadro RTX 8000,1395,1770,1750,48.0,6,384,4608,288,96,PCIe 3.0 x16,260,600 W,https://www.techpowerup.com/gpu-specs/quadro-rtx-8000.c3306
GeForce RTX 2060,1365,1755,1750,6.0,6,192,1920,120,48,PCIe 3.0 x16,160,450 W,https://www.techpowerup.com/gpu-specs/geforce-rtx-2060.c3310
GeForce GTX 1050 Ti,1291,1455,1752,4.0,5,128,768,48,32,PCIe 3.0 x16,75,250 W,https://www.techpowerup.com/gpu-specs/geforce-gtx-1050-ti.c2885
Radeon RX 5700 XT,1605,1905,1750,8.0,6,256,2560,160,64,PCIe 4.0 x16,225,550 W,https://www.techpowerup.com/gpu-specs/radeon-rx-5700-xt.c3339
GeForce GTX 1080 Ti,1481,1632,1376,11.0,5,352,3584,224,88,PCIe 3.0 x16,250,600 W,https://www.techpowerup.com/gpu-specs/geforce-gtx-1080-ti.c2877
GeForce RTX 2060 SUPER,1470,1665,1750,8.0,6,256,2176,136,64,PCIe 3.0 x16,175,450 W,https://www.techpowerup.com/gpu-specs/geforce-rtx-2060-super.c3441
GeForce GTX 1660 Ti,1500,1845,1500,6.0,6,192,1536,96,48,PCIe 3.0 x16,120,300 W,https://www.techpowerup.com/gpu-specs/geforce-gtx-1660-ti.c3364
GeForce RTX 2070 SUPER,1605,1770,1750,8.0,6,256,2560,160,64,PCIe 3.0 x16,215,550 W,https://www.techpowerup.com/gpu-specs/geforce-rtx-2070-super.c3440
GeForce GTX 1050,1354,1518,1752,2.0,5,128,640,40,32,PCIe 3.0 x16,75,250 W,https://www.techpowerup.com/gpu-specs/geforce-gtx-1050.c2875
GeForce RTX 4060,1830,1830,2125,8.0,6,128,3072,96,48,PCIe 4.0 x8,115,300 W,https://www.techpowerup.com/gpu-specs/geforce-rtx-4060.c4107
GeForce GTX 1080,1607,1860,1251,8.0,5,256,2560,160,64,PCIe 3.0 x16,180,450 W,https://www.techpowerup.com/gpu-specs/geforce-gtx-1080.c2839
Quadro RTX 6000,1440,1770,1750,24.0,6,384,4608,288,96,PCIe 3.0 x16,260,600 W,https://www.techpowerup.com/gpu-specs/quadro-rtx-6000.c3307
GeForce GTX 1070,1506,1683,2002,8.0,5,256,1920,120,64,PCIe 3.0 x16,150,450 W,https://www.techpowerup.com/gpu-specs/geforce-gtx-1070.c2840
GeForce GT 710,810,954,898,1.0,3,64,48,8,4,PCIe 2.0 x16,29,200 W,https://www.techpowerup.com/gpu-specs/geforce-gt-710.c2614
GeForce GTX 1650 G5,1485,1755,2001,4.0,5,128,896,56,32,PCIe 3.0 x16,75,250 W,https://www.techpowerup.com/gpu-specs/geforce-gtx-1650.c3366
GeForce GT 1030,1228,1506,1502,2.0,5,64,384,24,16,PCIe 3.0 x4,30,200 W,https://www.techpowerup.com/gpu-specs/geforce-gt-1030.c2954
GeForce GTX 1650 SUPER,1530,1800,1500,4.0,6,128,1280,80,32,PCIe 3.0 x16,100,300 W,https://www.techpowerup.com/gpu-specs/geforce-gtx-1650-super.c3411
Radeon RX 6400,1923,1923,2000,4.0,6,64,768,48,32,PCIe 4.0 x4,53,250 W,https://www.techpowerup.com/gpu-specs/radeon-rx-6400.c3813
GeForce RTX 2080 Ti,1350,1665,1750,11.0,6,352,4352,272,88,PCIe 3.0 x16,250,600 W,https://www.techpowerup.com/gpu-specs/geforce-rtx-2080-ti.c3305
GeForce GTX 1660,1530,1785,2001,6.0,5,192,1408,88,48,PCIe 3.0 x16,120,300 W,https://www.techpowerup.com/gpu-specs/geforce-gtx-1660.c3365
GeForce RTX 2080 SUPER,1650,1815,1937,8.0,6,256,3072,192,64,PCIe 3.0 x16,250,600 W,https://www.techpowerup.com/gpu-specs/geforce-rtx-2080-super.c3439
GeForce GTX 970,1050,1279,1753,4.0,5,256,1664,104,56,PCIe 3.0 x16,148,300 W,https://www.techpowerup.com/gpu-specs/geforce-gtx-970.c2620
GeForce GT 730,350,927,325,1.0,5,64,384,32,8,PCIe 1.0 x16,38,200 W,https://www.techpowerup.com/gpu-specs/geforce-gt-730.c1988
Radeon RX 5600 XT,1130,1620,1500,6.0,6,192,2304,144,64,PCIe 4.0 x16,150,450 W,https://www.techpowerup.com/gpu-specs/radeon-rx-5600-xt.c3474
GeForce GT 1030 DDR4,1152,1417,1050,2.0,4,64,384,24,16,PCIe 3.0 x4,20,200 W,https://www.techpowerup.com/gpu-specs/geforce-gt-1030-ddr4.c3187
Radeon RX 570,1168,1286,1750,4.0,5,256,2048,128,32,PCIe 3.0 x16,150,450 W,https://www.techpowerup.com/gpu-specs/radeon-rx-570.c2939
GeForce RTX 2070,1410,1845,1750,8.0,6,256,2304,144,64,PCIe 3.0 x16,175,450 W,https://www.techpowerup.com/gpu-specs/geforce-rtx-2070.c3252
Radeon RX 5500 XT,1607,1845,1750,4.0,6,128,1408,88,32,PCIe 4.0 x8,130,300 W,https://www.techpowerup.com/gpu-specs/radeon-rx-5500-xt.c3468
GeForce RTX 2080,1515,1710,1750,8.0,6,256,2944,184,64,PCIe 3.0 x16,215,550 W,https://www.techpowerup.com/gpu-specs/geforce-rtx-2080.c3224
GeForce GTX 1070 Ti,1607,1683,2002,8.0,5,256,2432,152,64,PCIe 3.0 x16,180,450 W,https://www.techpowerup.com/gpu-specs/geforce-gtx-1070-ti.c3010
RTX A4000,735,1560,1750,16.0,6,256,6144,192,96,PCIe 4.0 x16,140,300 W,https://www.techpowerup.com/gpu-specs/rtx-a4000.c3756
RTX A2000,562,1200,1500,6.0,6,192,3328,104,48,PCIe 4.0 x16,70,250 W,https://www.techpowerup.com/gpu-specs/rtx-a2000.c3820
TITAN RTX,1350,1770,1750,24.0,6,384,4608,288,96,PCIe 3.0 x16,280,600 W,https://www.techpowerup.com/gpu-specs/titan-rtx.c3311
RTX A4500,1050,1650,2000,20.0,6,320,7168,224,96,PCIe 4.0 x16,200,550 W,https://www.techpowerup.com/gpu-specs/rtx-a4500.c3849
Radeon HD 5450,650,650,667,1.0,3,64,80,8,4,PCIe 2.0 x16,11,200 W,https://www.techpowerup.com/gpu-specs/mobility-radeon-hd-5450.c3136
Radeon RX 590,1469,1600,2000,8.0,5,256,2304,144,32,PCIe 3.0 x16,175,450 W,https://www.techpowerup.com/gpu-specs/radeon-rx-590.c3322
Radeon PRO W6800,2075,2320,2000,32.0,6,256,3840,240,96,PCIe 4.0 x16,250,600 W,https://www.techpowerup.com/gpu-specs/radeon-pro-w6800.c3809
GeForce GTX 1630,1740,1740,1500,4.0,6,64,512,32,16,PCIe 3.0 x8,75,250 W,https://www.techpowerup.com/gpu-specs/geforce-gtx-1630.c3916
GeForce GTX 750 Ti,1020,1150,1350,2.0,5,128,640,40,16,PCIe 3.0 x16,60,250 W,https://www.techpowerup.com/gpu-specs/geforce-gtx-750-ti.c2548
GeForce GTX 960,580,1304,700,0.5,3,256,96,48,16,PCIe 2.0 x16,140,300 W,https://www.techpowerup.com/gpu-specs/geforce-9600-gtx.c1942
GeForce GTX 980 Ti,1000,1279,1753,6.0,5,384,2816,176,96,PCIe 3.0 x16,250,600 W,https://www.techpowerup.com/gpu-specs/geforce-gtx-980-ti.c2724
RTX A5000,1170,1695,2000,24.0,6,384,8192,256,96,PCIe 4.0 x16,230,550 W,https://www.techpowerup.com/gpu-specs/rtx-a5000.c3748
Quadro RTX 4000,1005,1545,1625,8.0,6,256,2304,144,64,PCIe 3.0 x16,160,450 W,https://www.techpowerup.com/gpu-specs/quadro-rtx-4000.c3336
RTX 4000 SFF Ada Generation,720,1565,1750,20.0,6,160,6144,192,80,PCIe 4.0 x16,70,250 W,https://www.techpowerup.com/gpu-specs/rtx-4000-sff-ada-generation.c4139
Quadro P4000,1202,1480,1901,8.0,5,256,1792,112,64,PCIe 3.0 x16,105,300 W,https://www.techpowerup.com/gpu-specs/quadro-p4000.c2930
Radeon RX 480,1120,1316,2000,8.0,5,256,2304,144,32,PCIe 3.0 x16,150,450 W,https://www.techpowerup.com/gpu-specs/radeon-rx-480.c2848
Radeon RX 470,926,1216,1650,4.0,5,256,2048,128,32,PCIe 3.0 x16,120,300 W,https://www.techpowerup.com/gpu-specs/radeon-rx-470.c2861
Quadro RTX 5000,1620,1815,1750,16.0,6,256,3072,192,64,PCIe 3.0 x16,230,550 W,https://www.techpowerup.com/gpu-specs/quadro-rtx-5000.c3308
GeForce GTX 980,1127,1216,1753,4.0,5,256,2048,128,64,PCIe 3.0 x16,165,450 W,https://www.techpowerup.com/gpu-specs/geforce-gtx-980.c2621
Titan V,1200,1455,848,12.0,5,3072,5120,320,96,PCIe 3.0 x16,250,600 W,https://www.techpowerup.com/gpu-specs/titan-v.c3051
Radeon RX 5700,1465,1725,1750,8.0,6,256,2304,144,64,PCIe 4.0 x16,180,450 W,https://www.techpowerup.com/gpu-specs/radeon-rx-5700.c3437
Radeon RX VEGA 64,1247,1546,945,8.0,5,2048,4096,256,64,PCIe 3.0 x16,295,600 W,https://www.techpowerup.com/gpu-specs/radeon-rx-vega-64.c2871
Radeon R9 390,1000,1060,1500,8.0,5,512,2560,160,64,PCIe 3.0 x16,275,600 W,https://www.techpowerup.com/gpu-specs/radeon-r9-390.c2664
Quadro P2000,1076,1470,1752,5.0,5,160,1024,64,40,PCIe 3.0 x16,75,250 W,https://www.techpowerup.com/gpu-specs/quadro-p2000.c2931
Titan X (Pascal),1417,1531,1251,12.0,5,384,3584,224,96,PCIe 3.0 x16,250,600 W,https://www.techpowerup.com/gpu-specs/titan-x-pascal.c2863
GeForce GTX 770,1046,1085,1753,2.0,5,256,1536,128,32,PCIe 3.0 x16,230,550 W,https://www.techpowerup.com/gpu-specs/geforce-gtx-770.c1856
Titan Xp,1405,1582,1426,12.0,5,384,3840,240,96,PCIe 3.0 x16,250,600 W,https://www.techpowerup.com/gpu-specs/titan-xp.c2948
Radeon Pro WX 3200,1295,1290,1500,4.0,5,128,640,32,16,PCIe 3.0 x8,65,250 W,https://www.techpowerup.com/gpu-specs/radeon-pro-wx-3200.c3412
Radeon RX VEGA 56,1156,1471,800,8.0,5,2048,3584,224,64,PCIe 3.0 x16,210,550 W,https://www.techpowerup.com/gpu-specs/radeon-rx-vega-56.c2993
Quadro M2000,796,1180,1653,4.0,5,128,768,48,32,PCIe 3.0 x16,75,250 W,https://www.techpowerup.com/gpu-specs/quadro-m2000.c2837
Radeon Pro WX 4100,1125,975,1500,4.0,5,128,1024,64,16,PCIe 3.0 x8,50,250 W,https://www.techpowerup.com/gpu-specs/radeon-pro-wx-4100.c2874
Quadro P5000,1607,1733,1127,16.0,5,256,2560,160,64,PCIe 3.0 x16,180,450 W,https://www.techpowerup.com/gpu-specs/quadro-p5000.c2864
T1000,765,1395,1250,4.0,5,128,896,56,32,PCIe 3.0 x16,50,200 W,https://www.techpowerup.com/gpu-specs/quadro-t1000-max-q.c3807
Quadro P1000,1266,1455,1253,4.0,5,128,640,40,32,PCIe 3.0 x16,47,200 W,https://www.techpowerup.com/gpu-specs/quadro-p1000.c3680
Radeon PRO W6600,2331,2580,1750,8.0,6,128,1792,112,64,PCIe 4.0 x8,100,300 W,https://www.techpowerup.com/gpu-specs/radeon-pro-w6600.c3818
GeForce GTX Titan X,1000,1000,1753,12.0,5,384,3072,192,96,PCIe 3.0 x16,250,600 W,https://www.techpowerup.com/gpu-specs/geforce-gtx-titan-x.c2632
GeForce GTX 660,980,1020,1502,2.0,5,192,960,80,24,PCIe 3.0 x16,140,300 W,https://www.techpowerup.com/gpu-specs/geforce-gtx-660.c895
Radeon Pro WX 7100,1188,1080,1750,8.0,5,256,2304,144,32,PCIe 3.0 x16,130,300 W,https://www.techpowerup.com/gpu-specs/radeon-pro-wx-7100.c2872
T400,420,1425,1250,2.0,6,64,384,24,16,PCIe 3.0 x16,30,200 W,https://www.techpowerup.com/gpu-specs/t400.c3808
GeForce GTX 950,1024,1393,1653,2.0,5,128,768,48,32,PCIe 3.0 x16,90,250 W,https://www.techpowerup.com/gpu-specs/geforce-gtx-950.c2747
Quadro P400,1228,1170,1002,2.0,5,64,256,16,16,PCIe 3.0 x16,30,200 W,https://www.techpowerup.com/gpu-specs/quadro-p400.c2934
Quadro NVS 420,550,550,700,0.25,3,64,8,4,4,PCIe 2.0 x16,40,200 W,https://www.techpowerup.com/gpu-specs/quadro-nvs-420.c1448
Radeon R9 380,970,1000,1375,2.0,5,256,1792,112,32,PCIe 3.0 x16,190,450 W,https://www.techpowerup.com/gpu-specs/radeon-r9-380.c2734
GeForce GTX 760,980,1085,1502,2.0,5,256,1152,96,32,PCIe 3.0 x16,170,450 W,https://www.techpowerup.com/gpu-specs/geforce-gtx-760.c1857
T600,735,1335,1250,4.0,6,128,640,40,32,PCIe 3.0 x16,40,200 W,https://www.techpowerup.com/gpu-specs/t600.c3796
Radeon Pro WX 3100,925,1219,1500,4.0,5,128,512,32,16,PCIe 3.0 x8,65,250 W,https://www.techpowerup.com/gpu-specs/radeon-pro-wx-3100.c2978
RTX A5500,1080,1695,2000,24.0,6,384,10240,320,96,PCIe 4.0 x16,230,550 W,https://www.techpowerup.com/gpu-specs/rtx-a5500.c3901
Radeon R9 390 X2,1000,1000,1350,8.0,5,512,2560,160,64,PCIe 3.0 x16,580,950 W,https://www.techpowerup.com/gpu-specs/radeon-r9-390-x2.c2755
Quadro M6000,988,1114,1653,12.0,5,384,3072,192,96,PCIe 3.0 x16,250,600 W,https://www.techpowerup.com/gpu-specs/quadro-m6000.c2638
Quadro K6000,797,902,1502,12.0,5,384,2880,240,48,PCIe 3.0 x16,225,550 W,https://www.techpowerup.com/gpu-specs/quadro-k6000.c2426
Radeon Pro WX 9100,1200,1500,945,16.0,5,2048,4096,256,64,PCIe 3.0 x16,230,550 W,https://www.techpowerup.com/gpu-specs/radeon-pro-wx-9100.c2989
Quadro NVS 295,540,540,695,0.25,3,64,8,4,4,PCIe 1.0 x16,23,200 W,https://www.techpowerup.com/gpu-specs/quadro-nvs-295.c1450
Radeon PRO W6400,2039,2331,2000,4.0,6,64,768,48,32,PCIe 4.0 x4,50,250 W,https://www.techpowerup.com/gpu-specs/radeon-pro-w6400.c3873
Radeon R9 270X,1000,1020,1400,2.0,5,256,1280,80,32,PCIe 3.0 x16,180,450 W,https://www.techpowerup.com/gpu-specs/radeon-r9-270x.c2466
Radeon R9 290,947,1000,1250,4.0,5,512,2560,160,64,PCIe 3.0 x16,275,600 W,https://www.techpowerup.com/gpu-specs/radeon-r9-290.c2397
Radeon Pro W5500,1744,1900,1750,8.0,6,128,1408,88,32,PCIe 4.0 x8,125,300 W,https://www.techpowerup.com/gpu-specs/radeon-pro-w5500.c3479
Quadro P620,1266,1354,1252,2.0,5,128,512,32,16,PCIe 3.0 x16,40,200 W,https://www.techpowerup.com/gpu-specs/quadro-p620.c3085
Radeon RX 460,1090,1210,1750,2.0,5,128,896,56,16,PCIe 3.0 x8,75,250 W,https://www.techpowerup.com/gpu-specs/radeon-rx-460.c2849
GeForce GTX 650,1058,1110,1250,1.0,5,128,384,32,16,PCIe 3.0 x16,65,250 W,https://www.techpowerup.com/gpu-specs/geforce-gtx-650.c2445
Radeon R9 Fury,1000,1050,500,4.0,4,4096,3584,224,64,PCIe 3.0 x16,275,600 W,https://www.techpowerup.com/gpu-specs/radeon-r9-fury.c2736
Radeon VII,1400,1750,1000,16.0,5,4096,3840,240,64,PCIe 3.0 x16,295,600 W,https://www.techpowerup.com/gpu-specs/radeon-vii.c3358
GeForce GTX 750,1020,1137,1253,1.0,5,128,512,32,16,PCIe 3.0 x16,55,250 W,https://www.techpowerup.com/gpu-specs/geforce-gtx-750.c1986
Radeon HD 6570,650,480,1000,2.0,5,128,480,24,8,PCIe 2.0 x16,60,250 W,https://www.techpowerup.com/gpu-specs/radeon-hd-6570.c277
GeForce 8400 GS,459,520,400,0.25,2,64,16,8,4,PCIe 1.0 x16,40,200 W,https://www.techpowerup.com/gpu-specs/geforce-8400-gs.c205
GeForce GT 610,810,810,898,1.0,3,64,48,8,4,PCIe 2.0 x16,29,200 W,https://www.techpowerup.com/gpu-specs/geforce-gt-610.c821
Quadro K4200,771,771,1350,4.0,5,256,1344,112,32,PCIe 2.0 x16,108,300 W,https://www.techpowerup.com/gpu-specs/quadro-k4200.c2602
Quadro GP100,1304,1441,715,16.0,5,4096,3584,224,96,PCIe 3.0 x16,235,550 W,https://www.techpowerup.com/gpu-specs/quadro-gp100.c2994
Radeon Pro W5700,1400,1930,1750,8.0,6,256,2304,144,64,PCIe 4.0 x16,205,550 W,https://www.techpowerup.com/gpu-specs/radeon-pro-w5700.c3466
GeForce GTX 780 Ti,875,1072,1753,3.0,5,384,2880,240,48,PCIe 3.0 x16,250,600 W,https://www.techpowerup.com/gpu-specs/geforce-gtx-780-ti.c2512
Quadro M4000,773,773,1502,8.0,5,256,1664,104,64,PCIe 3.0 x16,120,300 W,https://www.techpowerup.com/gpu-specs/quadro-m4000.c2757
GeForce GTX 780,863,967,1502,3.0,5,384,2304,192,48,PCIe 3.0 x16,86,250 W,https://www.techpowerup.com/gpu-specs/geforce-7800-gtx.c127
Radeon HD 4550,550,600,700,0.25,3,64,80,8,4,PCIe 2.0 x16,25,200 W,https://www.techpowerup.com/gpu-specs/radeon-hd-4550.c232
Radeon Pro WX 5100,713,1206,1250,8.0,5,256,1792,112,32,PCIe 3.0 x16,75,250 W,https://www.techpowerup.com/gpu-specs/radeon-pro-wx-5100.c2873
Radeon HD 7750,800,800,1125,1.0,5,128,512,32,16,PCIe 3.0 x16,55,250 W,https://www.techpowerup.com/gpu-specs/radeon-hd-7750.c309
Vega Frontier Edition Liquid,1382,1600,945,16.0,5,2048,4096,256,64,PCIe 3.0 x16,375,750 W,https://www.techpowerup.com/gpu-specs/radeon-vega-frontier-edition-watercooled.c2982
Quadro P2200,1000,1493,1251,5.0,5,160,1280,80,40,PCIe 3.0 x16,75,250 W,https://www.techpowerup.com/gpu-specs/quadro-p2200.c3442
GeForce GTX 950 75W,1026,1228,1653,2.0,5,128,768,48,32,PCIe 3.0 x16,75,250 W,https://www.techpowerup.com/gpu-specs/geforce-gtx-950-low-power.c2841
Radeon R7 370,925,1070,1400,2.0,5,256,1024,64,32,PCIe 3.0 x16,110,300 W,https://www.techpowerup.com/gpu-specs/radeon-r7-370.c2645
Quadro K620,1058,1058,900,2.0,3,128,384,24,16,PCIe 2.0 x16,45,200 W,https://www.techpowerup.com/gpu-specs/quadro-k620.c2600
FirePro W9100,930,930,1250,16.0,5,512,2816,176,64,PCIe 3.0 x16,275,600 W,https://www.techpowerup.com/gpu-specs/firepro-w9100.c2562
GeForce GTX 260,576,680,999,0.875,3,448,192,64,28,PCIe 2.0 x16,182,450 W,https://www.techpowerup.com/gpu-specs/geforce-gtx-260.c217
GeForce GTX 560 Ti,823,900,1002,1.0,5,256,384,64,32,PCIe 2.0 x16,170,450 W,https://www.techpowerup.com/gpu-specs/geforce-gtx-560-ti.c273
Radeon HD 7990,950,950,1500,3.0,5,384,2048,128,32,PCIe 3.0 x16,375,750 W,https://www.techpowerup.com/gpu-specs/radeon-hd-7990.c2126
Radeon R9 280X,850,1070,1500,3.0,5,384,2048,128,32,PCIe 3.0 x16,250,600 W,https://www.techpowerup.com/gpu-specs/radeon-r9-280x.c2398
Quadro P600,1329,1455,1002,2.0,5,128,384,24,16,PCIe 3.0 x16,40,200 W,https://www.techpowerup.com/gpu-specs/quadro-p600.c2933
Radeon R9 295X2,1018,1018,1250,4.0,5,512,2816,176,64,PCIe 3.0 x16,500,900 W,https://www.techpowerup.com/gpu-specs/radeon-r9-295x2.c2523
Radeon Pro WX 2100,925,1219,1500,2.0,5,64,512,32,16,PCIe 3.0 x8,35,200 W,https://www.techpowerup.com/gpu-specs/radeon-pro-wx-2100.c2979
GeForce GTX 550 Ti,900,910,1026,1.0,5,192,192,32,24,PCIe 2.0 x16,116,300 W,https://www.techpowerup.com/gpu-specs/geforce-gtx-550-ti.c274
Radeon R9 Fury X,1050,1050,500,4.0,4,4096,4096,256,64,PCIe 3.0 x16,275,600 W,https://www.techpowerup.com/gpu-specs/radeon-r9-fury-x.c2677
GeForce GTX 650 Ti,928,928,1350,1.0,5,128,768,64,16,PCIe 3.0 x16,110,300 W,https://www.techpowerup.com/gpu-specs/geforce-gtx-650-ti.c1188
Quadro K2200,1046,1046,1253,4.0,5,128,640,40,16,PCIe 2.0 x16,68,250 W,https://www.techpowerup.com/gpu-specs/quadro-k2200.c2601
Quadro GV100,1132,1447,848,32.0,5,4096,5120,320,128,PCIe 3.0 x16,250,600 W,https://www.techpowerup.com/gpu-specs/quadro-gv100.c3066
GeForce GTX 660 Ti,915,1028,1502,2.0,5,192,1344,112,24,PCIe 3.0 x16,150,450 W,https://www.techpowerup.com/gpu-specs/geforce-gtx-660-ti.c364
Radeon R9 390X,1050,1100,1500,8.0,5,512,2816,176,64,PCIe 3.0 x16,275,600 W,https://www.techpowerup.com/gpu-specs/radeon-r9-390x.c2663
Quadro K2000,954,954,1000,2.0,5,128,384,32,16,PCIe 2.0 x16,51,250 W,https://www.techpowerup.com/gpu-specs/quadro-k2000.c1838
Quadro P6000,1506,1531,1127,24.0,5,384,3840,240,96,PCIe 3.0 x16,250,600 W,https://www.techpowerup.com/gpu-specs/quadro-p6000.c2865
GeForce GTX 670,915,1006,1502,2.0,5,256,1344,112,32,PCIe 3.0 x16,170,450 W,https://www.techpowerup.com/gpu-specs/geforce-gtx-670.c362
Vega Frontier Edition,1382,1600,945,16.0,5,2048,4096,256,64,PCIe 3.0 x16,300,700 W,https://www.techpowerup.com/gpu-specs/radeon-vega-frontier-edition.c2958
Quadro 4000,475,475,702,2.0,5,256,256,32,32,PCIe 2.0 x16,142,300 W,https://www.techpowerup.com/gpu-specs/quadro-4000.c898
Radeon Pro VII,1400,1700,1000,16.0,5,4096,3840,240,64,PCIe 4.0 x16,250,600 W,https://www.techpowerup.com/gpu-specs/radeon-pro-vii.c3575
FirePro W5000,825,825,800,2.0,5,256,768,48,32,PCIe 3.0 x16,75,250 W,https://www.techpowerup.com/gpu-specs/firepro-w5000.c588
Radeon R9 380X,970,1040,1425,4.0,5,256,2048,128,32,PCIe 3.0 x16,190,450 W,https://www.techpowerup.com/gpu-specs/radeon-r9-380x.c2758
Quadro FX 1800,550,550,800,0.75,3,192,64,32,12,PCIe 2.0 x16,59,250 W,https://www.techpowerup.com/gpu-specs/quadro-fx-1800.c1323
Quadro 2000D,625,625,650,1.0,5,128,192,32,16,PCIe 2.0 x16,62,250 W,https://www.techpowerup.com/gpu-specs/quadro-2000d.c901
GeForce GTX 480,701,700,924,1.5,5,384,480,60,48,PCIe 2.0 x16,250,600 W,https://www.techpowerup.com/gpu-specs/geforce-gtx-480.c268
GeForce FX 5200,250,250,200,0.125,1,128,4,2,4,AGP 8x,40,200 W,https://www.techpowerup.com/gpu-specs/geforce-fx-5200.c60
GeForce GT 220,600,625,700,1.0,3,128,48,24,8,PCIe 2.0 x16,58,250 W,https://www.techpowerup.com/gpu-specs/geforce-gt-220.c2246
Radeon HD 6770,850,850,1200,1.0,5,128,800,40,16,PCIe 2.0 x16,108,300 W,https://www.techpowerup.com/gpu-specs/radeon-hd-6770.c280
Radeon HD 7950,800,850,1250,3.0,5,384,1792,112,32,PCIe 3.0 x16,200,550 W,https://www.techpowerup.com/gpu-specs/radeon-hd-7950.c307
Radeon R9 290X,1000,1040,1250,4.0,5,512,2816,176,64,PCIe 3.0 x16,290,600 W,https://www.techpowerup.com/gpu-specs/radeon-r9-290x.c2460
Quadro M5000,861,1038,1653,8.0,5,256,2048,128,64,PCIe 3.0 x16,150,450 W,https://www.techpowerup.com/gpu-specs/quadro-m5000.c2756
GeForce GT 630,810,780,900,1.0,3,128,96,16,4,PCIe 2.0 x16,65,250 W,https://www.techpowerup.com/gpu-specs/geforce-gt-630.c816
Radeon HD 7850,860,920,1200,2.0,5,256,1024,64,32,PCIe 3.0 x16,130,300 W,https://www.techpowerup.com/gpu-specs/radeon-hd-7850.c1055
FirePro W7100,920,824,1250,8.0,5,256,1792,112,32,PCIe 3.0 x16,150,450 W,https://www.techpowerup.com/gpu-specs/firepro-w7100.c2610
GeForce 9800 GTX+,738,738,1100,0.5,3,256,128,64,16,PCIe 2.0 x16,140,300 W,https://www.techpowerup.com/gpu-specs/geforce-9800-gtx.c237
GeForce GTX 580,772,772,1002,1.5,5,384,512,64,48,PCIe 2.0 x16,244,550 W,https://www.techpowerup.com/gpu-specs/geforce-gtx-580.c270
GeForce GTX 680,1006,1006,1502,2.0,5,256,1536,128,32,PCIe 3.0 x16,195,450 W,https://www.techpowerup.com/gpu-specs/geforce-gtx-680.c342
Radeon R7 360,1000,1070,1500,2.0,5,128,768,48,16,PCIe 3.0 x16,100,300 W,https://www.techpowerup.com/gpu-specs/radeon-r7-360.c2733
Radeon Pro Duo Polaris,1243,1243,1750,16.0,5,256,2304,144,32,PCIe 3.0 x16,250,600 W,https://www.techpowerup.com/gpu-specs/radeon-pro-duo-polaris.c2953
GeForce GTX 560,810,810,1000,1.0,5,256,336,56,32,PCIe 2.0 x16,150,450 W,https://www.techpowerup.com/gpu-specs/geforce-gtx-560.c287
GeForce GTX 690,915,915,1502,2.0,5,256,1536,128,32,PCIe 3.0 x16,300,700 W,https://www.techpowerup.com/gpu-specs/geforce-gtx-690.c361
GeForce 210,520,589,400,0.5,3,64,16,8,4,PCIe 2.0 x16,31,200 W,https://www.techpowerup.com/gpu-specs/geforce-210.c2020
Quadro K4000,810,810,1404,3.0,5,192,768,64,24,PCIe 2.0 x16,80,250 W,https://www.techpowerup.com/gpu-specs/quadro-k4000.c1841
GeForce GT 640,513,901,792,0.625,3,320,96,24,20,PCIe 1.0 x16,143,300 W,https://www.techpowerup.com/gpu-specs/geforce-8800-gts-640.c757
GeForce 8500 GT,459,450,400,0.25,3,128,16,8,4,PCIe 1.0 x16,30,200 W,https://www.techpowerup.com/gpu-specs/geforce-8500-gt.c765
GeForce GTX 650 Ti Boost,980,1072,1502,2.0,5,192,768,64,24,PCIe 3.0 x16,134,300 W,https://www.techpowerup.com/gpu-specs/geforce-gtx-650-ti-boost.c2059
Radeon R9 270,900,975,1400,2.0,5,256,1280,80,32,PCIe 3.0 x16,150,450 W,https://www.techpowerup.com/gpu-specs/radeon-r9-270.c2458
FirePro W2100,630,630,900,2.0,3,128,320,20,8,PCIe 3.0 x8,26,200 W,https://www.techpowerup.com/gpu-specs/firepro-w2100.c2612
Radeon HD 7770,1000,1020,1125,1.0,5,128,640,40,16,PCIe 3.0 x16,80,250 W,https://www.techpowerup.com/gpu-specs/radeon-hd-7770-ghz-edition.c308
Quadro K5000,706,706,1350,4.0,5,256,1536,128,32,PCIe 2.0 x16,122,300 W,https://www.techpowerup.com/gpu-specs/quadro-k5000.c565
GeForce GT 730,350,902,325,0.125,2,128,8,4,8,PCIe 1.0 x16,24,200 W,https://www.techpowerup.com/gpu-specs/geforce-7300-gt.c175
FirePro W4100,630,630,1000,2.0,5,128,512,32,16,PCIe 3.0 x16,50,250 W,https://www.techpowerup.com/gpu-specs/firepro-w4100.c2611
GeForce GTX 570,732,797,950,1.25,5,320,480,60,40,PCIe 2.0 x16,219,550 W,https://www.techpowerup.com/gpu-specs/geforce-gtx-570.c269
Radeon HD 6670,800,800,1000,1.0,5,128,480,24,8,PCIe 2.0 x16,66,250 W,https://www.techpowerup.com/gpu-specs/radeon-hd-6670.c406
GeForce GTX Titan,836,876,1502,6.0,5,384,2688,224,48,PCIe 3.0 x16,250,600 W,https://www.techpowerup.com/gpu-specs/geforce-gtx-titan.c1996
Radeon R7 260X,1100,1050,1625,2.0,5,128,896,56,16,PCIe 3.0 x16,115,300 W,https://www.techpowerup.com/gpu-specs/radeon-r7-260x.c2465
Quadro 400,450,450,770,0.5,3,64,48,16,8,PCIe 2.0 x16,32,200 W,https://www.techpowerup.com/gpu-specs/quadro-400.c1317
FirePro 2270,600,600,600,0.5,3,64,80,8,4,PCIe 2.0 x16,15,200 W,https://www.techpowerup.com/gpu-specs/firepro-2270.c1183
Quadro 410,706,706,891,0.5,3,64,192,16,8,PCIe 2.0 x16,38,200 W,https://www.techpowerup.com/gpu-specs/quadro-410.c1316
GeForce 9500 GT,600,550,1000,0.5,3,128,32,16,8,PCIe 2.0 x16,50,250 W,https://www.techpowerup.com/gpu-specs/geforce-9500-gt.c3373
GeForce GTX 460,675,715,900,1.0,5,256,336,56,32,PCIe 2.0 x16,160,450 W,https://www.techpowerup.com/gpu-specs/geforce-gtx-460.c265
Radeon HD 6450,625,625,500,0.5,3,64,160,8,4,PCIe 2.0 x16,18,200 W,https://www.techpowerup.com/gpu-specs/radeon-hd-6450.c402
GeForce GTX Titan Z,705,876,1750,6.0,5,384,2880,240,48,PCIe 3.0 x16,375,750 W,https://www.techpowerup.com/gpu-specs/geforce-gtx-titan-z.c2575
Quadro K1200,1058,1124,1250,4.0,5,128,512,32,16,PCIe 2.0 x16,45,200 W,https://www.techpowerup.com/gpu-specs/quadro-k1200.c2641
Quadro K600,876,876,891,1.0,3,128,192,16,16,PCIe 2.0 x16,41,200 W,https://www.techpowerup.com/gpu-specs/quadro-k600.c1839
Radeon R7 250,925,1100,900,1.0,3,128,512,32,16,PCIe 3.0 x16,55,250 W,https://www.techpowerup.com/gpu-specs/radeon-r7-250.c2956
GeForce GT 720,797,797,800,1.0,3,64,192,16,8,PCIe 2.0 x8,19,200 W,https://www.techpowerup.com/gpu-specs/geforce-gt-720.c2702
Radeon HD 4350,450,575,800,0.5,3,64,80,8,4,PCIe 2.0 x16,20,200 W,https://www.techpowerup.com/gpu-specs/radeon-hd-4350.c423
GeForce GT 520,810,810,900,1.0,3,64,48,8,4,PCIe 2.0 x16,29,200 W,https://www.techpowerup.com/gpu-specs/geforce-gt-520.c285
Radeon HD 7870 GHz Edition,1000,1000,1200,2.0,5,256,1280,80,32,PCIe 3.0 x16,175,450 W,https://www.techpowerup.com/gpu-specs/radeon-hd-7870-ghz-edition.c339
Radeon R9 280,827,940,1250,3.0,5,384,1792,112,32,PCIe 3.0 x16,200,550 W,https://www.techpowerup.com/gpu-specs/radeon-r9-280.c2405
Radeon Pro Duo,1000,1000,500,4.0,4,4096,4096,256,64,PCIe 3.0 x16,350,750 W,https://www.techpowerup.com/gpu-specs/radeon-pro-duo.c2828
GeForce GT 740,993,1059,1253,1.0,5,128,384,32,16,PCIe 3.0 x16,64,250 W,https://www.techpowerup.com/gpu-specs/geforce-gt-740.c1987
Radeon Pro WX 8200,1200,1530,1000,8.0,5,2048,3584,224,64,PCIe 3.0 x16,230,550 W,https://www.techpowerup.com/gpu-specs/radeon-pro-wx-8200.c3303
Radeon HD 3450,600,600,500,0.25,2,64,40,4,4,PCIe 2.0 x16,25,200 W,https://www.techpowerup.com/gpu-specs/radeon-hd-3450.c224
Quadro 6000,574,574,747,6.0,5,384,448,56,48,PCIe 2.0 x16,204,550 W,https://www.techpowerup.com/gpu-specs/quadro-6000.c896
GeForce GTS 450,783,783,902,1.0,5,128,192,32,16,PCIe 2.0 x16,106,300 W,https://www.techpowerup.com/gpu-specs/geforce-gts-450.c1778
GeForce GTX Titan Black,889,980,1750,6.0,5,384,2880,240,48,PCIe 3.0 x16,250,600 W,https://www.techpowerup.com/gpu-specs/geforce-gtx-titan-black.c2549
Quadro K420,876,891,891,1.0,3,128,192,16,16,PCIe 2.0 x16,41,200 W,https://www.techpowerup.com/gpu-specs/quadro-k420.c2599
FirePro W9000,975,975,1375,6.0,5,384,2048,128,32,PCIe 3.0 x16,274,600 W,https://www.techpowerup.com/gpu-specs/firepro-w9000.c585
Quadro K5200,667,667,1502,8.0,5,256,2304,192,48,PCIe 3.0 x16,150,450 W,https://www.techpowerup.com/gpu-specs/quadro-k5200.c2603
GeForce 9400 GT,550,550,400,0.5,2,128,16,8,4,PCIe 2.0 x16,50,250 W,https://www.techpowerup.com/gpu-specs/geforce-9400-gt.c3159
Radeon HD 4870,550,750,888,0.5,5,256,800,40,16,PCIe 2.0 x16,150,450 W,https://www.techpowerup.com/gpu-specs/radeon-hd-4870.c219
GeForce 9800 GT,600,600,900,0.5,3,256,112,56,16,PCIe 2.0 x16,125,300 W,https://www.techpowerup.com/gpu-specs/geforce-9800-gt.c635
Radeon HD 6950,800,800,1250,2.0,5,256,1408,88,32,PCIe 2.0 x16,200,550 W,https://www.techpowerup.com/gpu-specs/radeon-hd-6950.c405
Radeon HD 7870,925,1100,1500,2.0,5,256,1536,96,32,PCIe 3.0 x16,175,450 W,https://www.techpowerup.com/gpu-specs/radeon-hd-7870-ghz-edition.c339
Radeon R5 230,625,625,667,1.0,3,64,160,8,4,PCIe 2.0 x16,19,200 W,https://www.techpowerup.com/gpu-specs/radeon-r5-230.c2576
FirePro W5100,930,930,1500,4.0,5,128,768,48,16,PCIe 3.0 x16,50,250 W,https://www.techpowerup.com/gpu-specs/firepro-w5100.c2585
Radeon HD 4670,675,750,800,0.5,3,128,320,32,8,MXM-A (3.0),35,200 W,https://www.techpowerup.com/gpu-specs/mobility-radeon-hd-4670.c1150
GeForce GTX 295,576,576,999,0.875,3,448,240,80,28,PCIe 2.0 x16,289,600 W,https://www.techpowerup.com/gpu-specs/geforce-gtx-295.c239
Radeon HD 6850,775,775,1000,1.0,5,256,960,48,32,PCIe 2.0 x16,127,300 W,https://www.techpowerup.com/gpu-specs/radeon-hd-6850.c255
Radeon HD 5770,850,850,1195,1.0,5,128,800,40,16,PCIe 2.0 x16,108,300 W,https://www.techpowerup.com/gpu-specs/radeon-hd-5770.c250
GeForce GTX 590,608,630,854,1.5,5,384,512,64,48,PCIe 2.0 x16,365,750 W,https://www.techpowerup.com/gpu-specs/geforce-gtx-590.c281
Radeon 9550,250,250,200,0.0625,1,64,4,2,4,AGP 8x,40,200 W,https://www.techpowerup.com/gpu-specs/radeon-9550.c33
GeForce GTX 470,608,607,837,1.25,5,320,448,56,40,PCIe 2.0 x16,215,550 W,https://www.techpowerup.com/gpu-specs/geforce-gtx-470.c267
GeForce GTS 250,702,675,1000,1.0,3,256,128,64,16,PCIe 2.0 x16,150,450 W,https://www.techpowerup.com/gpu-specs/geforce-gts-250.c241
Radeon HD 7970,925,1000,1375,3.0,5,384,2048,128,32,PCIe 3.0 x16,250,600 W,https://www.techpowerup.com/gpu-specs/radeon-hd-7970.c296
Quadro 5000,513,513,750,5.0,5,320,352,44,40,PCIe 2.0 x16,152,450 W,https://www.techpowerup.com/gpu-specs/quadro-5000.c897
Radeon HD 7770 GHz Edition,1000,1000,1125,1.0,5,128,640,40,16,PCIe 3.0 x16,80,250 W,https://www.techpowerup.com/gpu-specs/radeon-hd-7770-ghz-edition.c308
FirePro V5900,600,600,500,2.0,5,256,512,32,32,PCIe 2.0 x16,75,250 W,https://www.techpowerup.com/gpu-specs/firepro-v5900.c577
Radeon R5 220,650,650,533,1.0,3,64,80,8,4,PCIe 2.0 x16,19,200 W,https://www.techpowerup.com/gpu-specs/radeon-r5-220-oem.c2544
GeForce 9600 GT,650,650,900,0.5,3,256,64,32,16,PCIe 2.0 x16,95,250 W,https://www.techpowerup.com/gpu-specs/geforce-9600-gt.c206
FirePro S9150,900,900,1250,16.0,5,512,2816,176,64,PCIe 3.0 x16,235,550 W,https://www.techpowerup.com/gpu-specs/firepro-s9150.c2608
FirePro V5700,700,700,900,0.5,3,128,320,32,8,PCIe 2.0 x16,56,250 W,https://www.techpowerup.com/gpu-specs/firepro-v5700.c858
GeForce GTX 285,648,648,1242,1.0,3,512,240,80,32,PCIe 2.0 x16,204,550 W,https://www.techpowerup.com/gpu-specs/geforce-gtx-285.c238
Radeon HD 5850,500,725,1000,1.0,5,128,800,40,16,PCIe 2.0 x16,30,200 W,https://www.techpowerup.com/gpu-specs/mobility-radeon-hd-5850.c1654
Radeon HD 6970,880,890,1375,2.0,5,256,1536,96,32,PCIe 2.0 x16,250,600 W,https://www.techpowerup.com/gpu-specs/radeon-hd-6970.c258
Quadro NVS 450,480,480,700,0.25,3,64,16,8,4,PCIe 1.0 x16,35,200 W,https://www.techpowerup.com/gpu-specs/quadro-nvs-450.c1449
FireGL V7300,594,594,648,0.5,3,256,16,8,16,PCIe 1.0 x16,97,250 W,https://www.techpowerup.com/gpu-specs/firegl-v7300.c852
Radeon HD 7790,1000,1075,1500,1.0,5,128,896,56,16,PCIe 3.0 x16,85,250 W,https://www.techpowerup.com/gpu-specs/radeon-hd-7790.c2100
Radeon R7 265,900,925,1400,2.0,5,256,1024,64,32,PCIe 3.0 x16,150,450 W,https://www.techpowerup.com/gpu-specs/radeon-r7-265.c2558
Quadro K2000D,954,954,1000,2.0,5,128,384,32,16,PCIe 2.0 x16,51,250 W,https://www.techpowerup.com/gpu-specs/quadro-k2000d.c2021
FirePro V4900,800,800,1000,1.0,5,128,480,24,8,PCIe 2.0 x16,75,250 W,https://www.techpowerup.com/gpu-specs/firepro-v4900.c578
FirePro W7000,950,950,1200,4.0,5,256,1280,80,32,PCIe 3.0 x16,150,450 W,https://www.techpowerup.com/gpu-specs/firepro-w7000.c587
Radeon R9 285,918,965,1375,2.0,5,256,1792,112,32,PCIe 3.0 x16,190,450 W,https://www.techpowerup.com/gpu-specs/radeon-r9-285.c2609
FirePro S7000,950,950,1200,4.0,5,256,1280,80,32,PCIe 3.0 x16,150,450 W,https://www.techpowerup.com/gpu-specs/firepro-s7000.c801
Radeon HD 5870,2235,870,1313,1.0,5,256,1600,80,32,PCIe 2.0 x16,188,450 W,https://www.techpowerup.com/gpu-specs/radeon-hd-5870.c253
Radeon HD 4850,503,625,850,1.0,3,256,800,40,16,PCIe 2.0 x16,110,300 W,https://www.techpowerup.com/gpu-specs/radeon-hd-4850.c493
Radeon HD 6870,900,900,1050,1.0,5,256,1120,56,32,PCIe 2.0 x16,151,450 W,https://www.techpowerup.com/gpu-specs/radeon-hd-6870.c256
GeForce GTX 560 Ti 448,732,797,950,1.25,5,320,448,56,40,PCIe 2.0 x16,210,550 W,https://www.techpowerup.com/gpu-specs/geforce-gtx-560-ti-448.c289
Radeon HD 7970 GHz Edition,1000,1000,1500,3.0,5,384,2048,128,32,PCIe 3.0 x16,300,700 W,https://www.techpowerup.com/gpu-specs/radeon-hd-7970-ghz-edition.c365
FirePro W8100,824,824,1250,8.0,5,512,2560,160,64,PCIe 3.0 x16,220,550 W,https://www.techpowerup.com/gpu-specs/firepro-w8100.c2588
FirePro V7900,725,725,1250,2.0,5,256,1280,80,32,PCIe 2.0 x16,150,450 W,https://www.techpowerup.com/gpu-specs/firepro-v7900.c580
Radeon R7 350,800,925,1125,2.0,5,128,512,32,16,PCIe 3.0 x16,55,250 W,https://www.techpowerup.com/gpu-specs/radeon-r7-350.c3135
Radeon RX 550 - 640,1019,1190,1500,2.0,5,128,640,40,16,PCIe 3.0 x8,60,250 W,https://www.techpowerup.com/gpu-specs/radeon-rx-550-640sp.c3083
FirePro 2450,400,600,400,0.25,3,64,40,4,4,PCIe 2.0 x16,32,200 W,https://www.techpowerup.com/gpu-specs/firepro-2450-multi-view.c1384
NVS 810,902,1020,900,2.0,3,64,512,32,16,PCIe 3.0 x16,68,250 W,https://www.techpowerup.com/gpu-specs/nvs-810.c2772
FirePro V7900 SDI,725,725,1250,2.0,5,256,1280,80,32,PCIe 2.0 x16,150,450 W,https://www.techpowerup.com/gpu-specs/firepro-v7900-sdi.c576
FirePro S9050,900,900,1375,12.0,5,384,1792,112,32,PCIe 3.0 x16,225,550 W,https://www.techpowerup.com/gpu-specs/firepro-s9050.c2607
GeForce GTX 275,633,633,1134,0.875,3,448,240,80,28,PCIe 2.0 x16,219,550 W,https://www.techpowerup.com/gpu-specs/geforce-gtx-275.c621
GeForce GT 430,700,735,800,0.5,3,64,96,16,4,PCIe 2.0 x16,49,200 W,https://www.techpowerup.com/gpu-specs/geforce-gt-430.c603
GeForce 7200 GS,450,450,334,0.125,2,64,2,2,4,PCIe 1.0 x16,40,200 W,https://www.techpowerup.com/gpu-specs/geforce-7200-gs.c723
Radeon HD 6750,700,700,1150,1.0,5,128,720,36,16,PCIe 2.0 x16,86,250 W,https://www.techpowerup.com/gpu-specs/radeon-hd-6750.c279
Radeon HD 5550,550,550,800,0.5,5,128,320,16,8,PCIe 2.0 x16,39,200 W,https://www.techpowerup.com/gpu-specs/radeon-hd-5550.c1034
Radeon HD 5750,700,700,1150,1.0,5,128,720,36,16,PCIe 2.0 x16,86,250 W,https://www.techpowerup.com/gpu-specs/radeon-hd-5750.c249
FirePro V3900,650,650,900,1.0,3,128,480,24,8,PCIe 2.0 x16,50,250 W,https://www.techpowerup.com/gpu-specs/firepro-v3900.c579
GeForce GT 620,700,700,900,1.0,3,64,96,16,4,PCIe 2.0 x16,49,200 W,https://www.techpowerup.com/gpu-specs/geforce-gt-620.c820
Radeon HD 7870 XT,925,925,1500,2.0,5,256,1536,96,32,PCIe 3.0 x16,185,450 W,https://www.techpowerup.com/gpu-specs/radeon-hd-7870-xt.c1860
Radeon R7 250X,950,1000,1125,1.0,5,128,640,40,16,PCIe 3.0 x16,80,250 W,https://www.techpowerup.com/gpu-specs/radeon-r7-250x.c2553
Radeon R9 Nano,1000,1000,500,4.0,4,4096,4096,256,64,PCIe 3.0 x16,175,450 W,https://www.techpowerup.com/gpu-specs/radeon-r9-nano.c2735
FirePro RG220A,500,800,800,0.5,3,256,80,8,4,PCIe 2.0 x16,35,200 W,https://www.techpowerup.com/gpu-specs/firepro-rg220a.c584
GeForce GTX 760 X2,1006,1072,1502,2.0,5,256,1152,96,32,PCIe 3.0 x16,250,600 W,https://www.techpowerup.com/gpu-specs/geforce-gtx-760-x2.c2521
FirePro V3800,650,650,900,0.5,3,64,400,20,8,PCIe 2.0 x16,43,200 W,https://www.techpowerup.com/gpu-specs/firepro-v3800.c571
Radeon HD 4650,550,600,667,1.0,3,128,320,32,8,PCIe 2.0 x16,48,200 W,https://www.techpowerup.com/gpu-specs/radeon-hd-4650.c233
Radeon HD 4550,550,625,700,0.5,3,64,80,8,4,MXM-II,25,200 W,https://www.techpowerup.com/gpu-specs/radeon-hd-4550.c232
GeForce 9600 GSO,550,650,800,0.375,3,192,96,48,12,PCIe 2.0 x16,84,250 W,https://www.techpowerup.com/gpu-specs/geforce-9600-gso.c215
Radeon HD 5670,650,775,795,0.5,3,128,400,20,8,PCIe 2.0 x16,64,250 W,https://www.techpowerup.com/gpu-specs/radeon-hd-5670.c248
Radeon HD 4830,575,575,900,0.5,3,256,640,32,16,PCIe 2.0 x16,95,250 W,https://www.techpowerup.com/gpu-specs/radeon-hd-4830.c282
GeForce GT 440,810,810,900,1.0,3,128,96,16,4,PCIe 2.0 x16,65,250 W,https://www.techpowerup.com/gpu-specs/geforce-gt-440.c600
GeForce GTX 560 Ti X2,850,850,1002,1.0,5,256,384,64,32,PCIe 2.0 x16,170,450 W,https://www.techpowerup.com/gpu-specs/geforce-gtx-560-ti-x2.c1927
Radeon HD 4890,850,850,975,1.0,5,256,800,40,16,PCIe 2.0 x16,190,450 W,https://www.techpowerup.com/gpu-specs/radeon-hd-4890.c244
FirePro V5800,690,700,1000,1.0,5,128,800,40,16,PCIe 2.0 x16,74,250 W,https://www.techpowerup.com/gpu-specs/firepro-v5800.c2441
FirePro R5000,825,825,800,2.0,5,256,768,48,32,PCIe 3.0 x16,150,450 W,https://www.techpowerup.com/gpu-specs/firepro-r5000.c2037
FirePro V7750,800,800,900,1.0,3,128,320,32,8,PCIe 2.0 x16,76,250 W,https://www.techpowerup.com/gpu-specs/firepro-v7750.c860
Quadro K4000M,601,600,700,4.0,5,256,960,80,32,MXM-B (3.0),100,300 W,https://www.techpowerup.com/gpu-specs/quadro-k4000m.c1422
FirePro 2460,500,500,500,0.5,3,256,80,8,4,PCIe 2.0 x16,17,200 W,https://www.techpowerup.com/gpu-specs/firepro-2460-multi-view.c1385
FirePro W8000,900,900,1375,4.0,5,256,1792,112,32,PCIe 3.0 x16,225,550 W,https://www.techpowerup.com/gpu-specs/firepro-w8000.c586
Radeon HD 5830,800,800,1000,1.0,5,256,1120,56,16,PCIe 2.0 x16,175,450 W,https://www.techpowerup.com/gpu-specs/radeon-hd-5830.c251
Radeon HD 5970,725,850,1000,1.0,5,256,1600,80,32,PCIe 2.0 x16,295,600 W,https://www.techpowerup.com/gpu-specs/radeon-hd-5970.c254
Radeon HD 5570,550,650,800,1.0,3,128,400,20,8,PCIe 2.0 x16,39,200 W,https://www.techpowerup.com/gpu-specs/radeon-hd-5570.c2216
Radeon HD 4670 X2,750,725,700,0.5,3,128,320,32,8,PCIe 2.0 x16,118,300 W,https://www.techpowerup.com/gpu-specs/radeon-hd-4670-x2.c1169
Radeon HD 6990,830,830,1250,2.0,5,256,1536,96,32,PCIe 2.0 x16,375,750 W,https://www.techpowerup.com/gpu-specs/radeon-hd-6990.c275
FirePro V8800,825,825,1150,2.0,5,256,1600,80,32,PCIe 2.0 x16,208,550 W,https://www.techpowerup.com/gpu-specs/firepro-v8800.c570
FirePro W600,750,600,1000,2.0,5,128,512,32,16,PCIe 3.0 x16,75,250 W,https://www.techpowerup.com/gpu-specs/firepro-w600.c562
FirePro W4300,930,930,1500,4.0,5,128,768,48,16,PCIe 3.0 x16,50,250 W,https://www.techpowerup.com/gpu-specs/firepro-w4300.c2781
GeForce GTX 465,608,607,802,1.0,5,256,352,44,32,PCIe 2.0 x16,200,550 W,https://www.techpowerup.com/gpu-specs/geforce-gtx-465.c266
GeForce GTX 460 SE,650,660,850,1.0,5,256,288,48,32,PCIe 2.0 x16,150,450 W,https://www.techpowerup.com/gpu-specs/geforce-gtx-460-se.c357
Radeon HD 6790,840,900,1050,1.0,5,256,800,40,16,PCIe 2.0 x16,150,450 W,https://www.techpowerup.com/gpu-specs/radeon-hd-6790.c283
GeForce GTX 460 X2,701,700,900,1.0,5,256,336,56,32,PCIe 2.0 x16,160,450 W,https://www.techpowerup.com/gpu-specs/geforce-gtx-460-x2.c1928
Radeon HD 6870 X2,900,900,1050,1.0,5,256,1120,56,32,PCIe 2.0 x16,300,700 W,https://www.techpowerup.com/gpu-specs/radeon-hd-6870-x2.c1174
Radeon HD 5670,650,775,795,1.0,5,128,400,20,8,PCIe 2.0 x16,64,250 W,https://www.techpowerup.com/gpu-specs/radeon-hd-5670.c248
GeForce GTX 560 SE,736,746,957,1.0,5,192,288,48,24,PCIe 2.0 x16,150,450 W,https://www.techpowerup.com/gpu-specs/geforce-gtx-560-se.c341
FirePro V9800,850,850,1150,4.0,5,256,1600,80,32,PCIe 2.0 x16,250,600 W,https://www.techpowerup.com/gpu-specs/firepro-v9800.c569
Radeon R7 260,1000,1000,1500,2.0,5,128,768,48,16,PCIe 3.0 x16,95,250 W,https://www.techpowerup.com/gpu-specs/radeon-r7-260.c2511
FirePro V8750,750,750,900,2.0,5,256,800,40,16,PCIe 2.0 x16,151,450 W,https://www.techpowerup.com/gpu-specs/firepro-v8750.c862
FirePro S9000,900,900,1375,6.0,5,384,1792,112,32,PCIe 3.0 x16,225,550 W,https://www.techpowerup.com/gpu-specs/firepro-s9000.c1879
FirePro S10000,825,825,1250,3.0,5,384,1792,112,32,PCIe 3.0 x16,375,750 W,https://www.techpowerup.com/gpu-specs/firepro-s10000.c802
